<?xml version="1.0"?>
<!DOCTYPE hibernate-mapping PUBLIC "-//Hibernate/Hibernate Mapping DTD 3.0//EN"
                                   "http://hibernate.sourceforge.net/hibernate-mapping-3.0.dtd">
<!-- Generated 2017-1-6 16:34:38 by Hibernate Tools 3.5.0.Final -->
<hibernate-mapping>
	<class name="com.yzk.studentweb.model.User" table="User">
		<id name="id" type="int">
			<column name="id" />
			<generator class="native" />
		</id>
		<property name="username" type="java.lang.String">
			<column name="USERNAME" />
		</property>
		<property name="password" type="java.lang.String">
			<column name="PASSWORD" />
		</property>
		<property name="name" type="java.lang.String">
			<column name="NAME" />
		</property>
	</class>
</hibernate-mapping>
